[{       
        "active": "true", 
        "flatId": "a01",
        "buildingName": "a",
        "floorNo":0,
        "flatType":"2-BHK",
        "flatStatus":"sold", 
        "features":[
                "Balcony",
                "Parking",
                "Gym",
                "Terrace"
                ],
        "area":80.00,
        "pricePerSquare":1000.00,
        "totalPrice" : 80000.00
    },  

{       
    "active":"true",  
    "flatId": "a12",
    "buildingName": "a",
    "floorNo":1,
    "flatType":"1-BHK",
    "flatStatus":"available", 
    "features":[
            "Balcony",
            "Parking",
            "Gym"
            ],
    "area": 60.00,
    "pricePerSquare": 1000.00,
    "totalPrice" : 60000.00
},
   {       
    "active":"true",  
    "flatId": "a23",
    "buildingName": "a",
    "floorNo":2,
    "flatType":"3-BHK",
    "flatStatus":"reserved", 
    "features":[
            "Balcony",
            "Parking"
            ],
    "area":70.00,
    "pricePerSquare":1000.00,
    "totalPrice" : 70000.00
},  
{       
    "active":"true",  
    "flatId": "a34",
    "buildingName": "a",
    "floorNo":3,
    "flatType":"1-BHK",
    "flatStatus":"sold", 
    "features":[
            "Balcony",
            "Parking",
            "Gym"
            ],
    "area":80.00,
    "pricePerSquare":1000.00,
    "totalPrice" : 80000.00
},
{       
    "active":"true",  
    "flatId": "a45",
    "buildingName": "a",
    "floorNo":4,
    "flatType":"2-BHK",
    "flatStatus":"available", 
    "features":[
            "Balcony",
            "Parking"
            ],
    "area":75.00,
    "pricePerSquare":1000.00,
    "totalPrice" : 75000.00
},
   {       
    "active":"true",  
    "flatId": "a06",
    "buildingName": "a",
    "floorNo":0,
    "flatType":"3-BHK",
    "flatStatus":"reserved", 
    "features":[
            "Balcony",
            "Parking",
            "Gym"
            ],
    "area":85.00,
    "pricePerSquare":1000.00,
    "totalPrice" : 85000.00
},  
{       
    "active":"true",  
    "flatId": "a17",
    "buildingName": "a",
    "floorNo":1,
    "flatType":"1-BHK",
    "flatStatus":"sold", 
    "features":[
            "Balcony",
            "Parking",
            "Gym"
            ],
    "area":40.00,
    "pricePerSquare":1000.00,
    "totalPrice" : 40000.00
},
   {       
    "active":"true",  
    "flatId": "a28",
    "buildingName": "a",
    "floorNo":2,
    "flatType":"2-BHK",
    "flatStatus":"reserved", 
    "features":[
            "Balcony",
            "Parking"
            ],
    "area":70.0,
    "pricePerSquare":1000.0,
    "totalPrice" :70000.0
},  
{       
    "active":"true",  
    "flatId": "a39",
    "buildingName": "a",
    "floorNo": 3,
    "flatType":"3-BHK",
    "flatStatus":"sold", 
    "features":[
            "Balcony",
            "Parking",
            "Gym"
            ],
    "area":100.00,
    "pricePerSquare":1000.00,
    "totalPrice" : 100000.00
},
{       
    "active":"true",  
    "flatId": "a410",
    "buildingName": "a",
    "floorNo":4,
    "flatType":"2-BHK",
    "flatStatus":"available", 
    "features":[
            "Balcony",
            "Parking"
            ],
    "area":75.00,
    "pricePerSquare":1000.00,
    "totalPrice" : 75000.00
},
{       
    "active": "true", 
    "flatId": "b01",
    "buildingName": "b",
    "floorNo":0,
    "flatType":"2-BHK",
    "flatStatus":"sold", 
    "features":[
            "Balcony",
            "Parking",
            "Gym",
            "Terrace"
            ],
    "area":50.00,
    "pricePerSquare":1000.00,
    "totalPrice" : 50000.00
},  
{       
    "active":"true",  
    "flatId": "b12",
    "buildingName": "b",
    "floorNo":1,
    "flatType":"1-BHK",
    "flatStatus":"available", 
    "features":[
            "Balcony",
            "Parking",
            "Gym"
            ],
    "area": 60.00,
    "pricePerSquare": 1000.00,
    "totalPrice" : 60000.00
},
   {       
    "active":"true",  
    "flatId": "b23",
    "buildingName": "b",
    "floorNo":2,
    "flatType":"3-BHK",
    "flatStatus":"reserved", 
    "features":[
            "Balcony",
            "Parking"
            ],
    "area":95.00,
    "pricePerSquare":1000.00,
    "totalPrice" : 95000.00
},  
{       
    "active":"true",  
    "flatId": "b34",
    "buildingName": "b",
    "floorNo":3,
    "flatType":"1-BHK",
    "flatStatus":"sold", 
    "features":[
            "Balcony",
            "Parking",
            "Gym"
            ],
    "area":61.00,
    "pricePerSquare":1000.00,
    "totalPrice" : 61000.00
},
{       
    "active":"true",  
    "flatId": "b45",
    "buildingName": "b",
    "floorNo":4,
    "flatType":"2-BHK",
    "flatStatus":"available", 
    "features":[
            "Balcony",
            "Parking"
            ],
    "area":82.00,
    "pricePerSquare":1000.00,
    "totalPrice" : 82000.00
},
   {       
    "active":"true",  
    "flatId": "b06",
    "buildingName": "b",
    "floorNo":0,
    "flatType":"3-BHK",
    "flatStatus":"reserved", 
    "features":[
            "Balcony",
            "Parking",
            "Gym"
            ],
    "area":93.00,
    "pricePerSquare":1000.00,
    "totalPrice" : 93000.00
},  
{       
    "active":"true",  
    "flatId": "b17",
    "buildingName": "b",
    "floorNo":1,
    "flatType":"1-BHK",
    "flatStatus":"sold", 
    "features":[
            "Balcony",
            "Parking",
            "Gym"
            ],
    "area":64.00,
    "pricePerSquare":1000.00,
    "totalPrice" : 64000.00
},
   {       
    "active":"true", 
    "flatId": "b28",
    "buildingName": "b",
    "floorNo":2,
    "flatType":"2-BHK",
    "flatStatus":"reserved", 
    "features":[
            "Balcony",
            "Parking"
            ],
    "area":78.0,
    "pricePerSquare":1000.0,
    "totalPrice" :78000.0
},  
{       
    "active":"true",  
    "flatId": "b39",
    "buildingName": "b",
    "floorNo": 3,
    "flatType":"3-BHK",
    "flatStatus":"sold", 
    "features":[
            "Balcony",
            "Parking",
            "Gym"
            ],
    "area":88.00,
    "pricePerSquare":1000.00,
    "totalPrice" : 88000.00
},
{       
    "active":"true",  
    "flatId": "b410",
    "buildingName": "b",
    "floorNo":4,
    "flatType":"2-BHK",
    "flatStatus":"available", 
    "features":[
            "Balcony",
            "Parking"
            ],
    "area":80.00,
    "pricePerSquare":1000.00,
    "totalPrice" : 80000.00
}
]