{
   "swagger": "2.0",
   "info": {
      "version": "1.0.0",
      "title": "Flat",
      "description": "This is the basic information of apartment database where we can find all properties of flat and and their features(id and name). and you can perform the operation of get, put, post and delete flat.",
      "contact": {
         "name": "Pushpendra Singh",
         "email": "pushpendra@code5.org"
      }
   },
   "basePath": "/pushpendra/flat",
   "tags": [
      {
         "name": "flat",
         "description": "It describes a flat in an Apartment."
      }
   ],
   "schemes": [
      "http"
   ],
   "paths": {
      "/flat": {
         "post": {
            "tags": [
               "flat"
            ],
            "summary": "Add new Flat in the database with all properties. All Fields are mandatory with their respective type.",
            "operationId": "insertData",
            "consumes": [
               "application/json",
               "application/xml"
            ],
            "produces": [
               "application/xml",
               "application/json"
            ],
            "parameters": [
               {
                  "name": "flat_Properties",
                  "in": "body",
                  "description": "Properties for adding information of a new flat. All Fields are mandatory with their respective type.",
                  "required": true,
                  "schema": {
                     "$ref": "#/definitions/ADD_NEW-FLAT"
                  }
               }
            ],
            "responses": {
               "200": {
                  "description": "Addition of flat successful."
               },
               "400": {
                  "description": "Invalid Input."
               },
               "404": {
                  "description": "Addition of flat unsuccessful."
               }
            }
         },
         "put": {
            "tags": [
               "flat"
            ],
            "summary": "Update Flat-Status of an existing Flat.",
            "operationId": "updateData",
            "consumes": [
               "application/json",
               "application/xml"
            ],
            "produces": [
               "application/xml",
               "application/json"
            ],
            "parameters": [
               {
                  "name": "UPDATE_FLAT-STATUS",
                  "in": "body",
                  "required": true,
                  "description": "For updating status of the existing flat required fields are active, flatId and buildingName.",
                  "schema": {
                     "$ref": "#/definitions/UPDATE_FLAT-STATUS"
                  }
               }
            ],
            "responses": {
               "200": {
                  "description": "Updation Successful"
               },
               "400": {
                  "description": "Invalid Input"
               },
               "404": {
                  "description": "Updation Unsuccessful"
               }
            }
         },
         "get": {
            "tags": [
               "flat"
            ],
            "summary": "get flats according to their properties.",
            "description": "Select your desired property to find the flats. For going to the next page enter last evaluated kes with active, flatId and totalPrice.",
            "operationId": "findFlats",
            "consumes": [
               "application/json",
               "application/xml"
            ],
            "produces": [
               "application/xml",
               "application/json"
            ],
            "parameters": [
               {
                  "name": "active",
                  "in": "query",
                  "description": "select active status of flat",
                  "required": false,
                  "type": "array",
                  "items": {
                     "type": "string",
                     "enum": [
                        "true",
                        "false"
                     ]
                  }
               },
               {
                  "name": "floorNo",
                  "in": "query",
                  "description": "select floorNo of the flat",
                  "required": false,
                  "type": "array",
                  "items": {
                     "type": "number",
                     "enum": [
                        0,
                        1,
                        2,
                        3,
                        4
                     ]
                  },
                  "collectionFormat": "multi"
               },
               {
                  "name": "flatType",
                  "in": "query",
                  "description": "select type of the flat",
                  "required": false,
                  "type": "array",
                  "items": {
                     "type": "string",
                     "enum": [
                        "1-BHK",
                        "2-BHK",
                        "3-BHK"
                     ]
                  },
                  "collectionFormat": "multi"
               },
               {
                  "name": "flatStatus",
                  "in": "query",
                  "description": "select flat Status of the flat",
                  "required": false,
                  "type": "array",
                  "items": {
                     "type": "string",
                     "enum": [
                        "available",
                        "reserved",
                        "sold"
                     ],
                     "default": "available"
                  },
                  "collectionFormat": "multi"
               },
               {
                  "name": "features",
                  "in": "query",
                  "description": "select feature_name of the flat",
                  "required": false,
                  "type": "array",
                  "items": {
                     "type": "string",
                     "enum": [
                        "Parking",
                        "Gym",
                        "Balcony",
                        "Terrace"
                     ]
                  }
               },
               {
                  "name": "priceSort",
                  "in": "query",
                  "description": "select sorting type acending:true and decending:false works with only active (hash) property.",
                  "required": false,
                  "type": "string",
                  "enum": [
                     "true",
                     "false"
                  ]
               },
               {
                  "name": "lastEvaluatedKeyactive",
                  "in": "query",
                  "description": "enter last activeKey  ",
                  "type": "string"
               },
               {
                  "name": "lastEvaluatedKeyflatId",
                  "in": "query",
                  "description": "enter last flatIdKey  ",
                  "type": "string"
               },
               {
                  "name": "lastEvaluatedKeytotalPrice",
                  "in": "query",
                  "description": "enter last totalPricekey ",
                  "type": "string"
               }
            ],
            "responses": {
               "200": {
                  "description": "successful operation",
                  "schema": {
                     "type": "array",
                     "items": {
                        "$ref": "#/definitions/GET_FLATS"
                     }
                  }
               },
               "400": {
                  "description": "Invalid status value"
               }
            }
         },
         "delete": {
            "tags": [
               "flat"
            ],
            "summary": "delete all record of a single flat",
            "operationId": "removeFlat",
            "consumes": [
               "application/json",
               "application/xml"
            ],
            "produces": [
               "application/xml",
               "application/json"
            ],
            "parameters": [
               {
                  "name": "delete_flat",
                  "in": "body",
                  "description": "Properties for adding information of a new flat",
                  "required": true,
                  "schema": {
                     "$ref": "#/definitions/FLAT_DELETE"
                  }
               }
            ],
            "responses": {
               "200": {
                  "description": "Deletion of record successful"
               },
               "400": {
                  "description": "Invalid Input"
               },
               "404": {
                  "description": "Deletion unsuccessful"
               }
            }
         }
      }
   },
   "definitions": {
      "ADD_NEW-FLAT": {
         "type": "object",
         "properties": {
            "active": {
               "type": "string",
               "enum": [
                  "true",
                  "false"
               ]
            },
            "flatId": {
               "type": "string"
            },
            "floorNo": {
               "type": "number",
               "enum": [
                  0,
                  1,
                  2,
                  3,
                  4
               ]
            },
            "buildingName": {
               "type": "string"
            },
            "flatType": {
               "type": "string",
               "enum": [
                  "1-BHK",
                  "2-BHK",
                  "3-BHK"
               ]
            },
            "flatStatus": {
               "type": "string",
               "enum": [
                  "available",
                  "reserved",
                  "sold"
               ]
            },
            "area": {
               "type": "number"
            },
            "pricePerSquare": {
               "type": "number"
            },
            "totalPrice": {
               "type": "number"
            },
            "features": {
               "type": "array",
               "items": {
                  "type": "string",
                  "enum": [
                     "Parking",
                     "Balcony",
                     "Terrace",
                     "Gym"
                  ]
               }
            }
         }
      },
      "GET_FLATS": {
         "type": "object",
         "properties": {
            "active": {
               "type": "string",
               "enum": [
                  "true",
                  "false"
               ]
            },
            "flatId": {
               "type": "string"
            },
            "floorNo": {
               "type": "number",
               "enum": [
                  0,
                  1,
                  2,
                  3,
                  4
               ]
            },
            "flatType": {
               "type": "string",
               "enum": [
                  "1-BHK",
                  "2-BHK",
                  "3-BHK"
               ]
            },
            "flatStatus": {
               "type": "string",
               "enum": [
                  "available",
                  "reserved",
                  "sold"
               ]
            },
            "area": {
               "type": "number"
            },
            "pricePerSquare": {
               "type": "number"
            },
            "totalPrice": {
               "type": "number"
            },
            "features": {
               "type": "array",
               "items": {
                  "type": "string",
                  "enum": [
                     "Parking",
                     "Balcony",
                     "Terrace",
                     "Gym"
                  ]
               }
            },
            "lastEvaluatedKeyactive": {
               "type": "string"
            },
            "lastEvaluatedKeyflatId": {
               "type": "string"
            },
            "lastEvaluatedKeytotalPrice": {
               "type": "string"
            }
         }
      },
      "UPDATE_FLAT-STATUS": {
         "type": "object",
         "properties": {
            "active": {
               "type": "string"
            },
            "flatId": {
               "type": "string"
            },
            "flatStatus": {
               "type": "string",
               "enum": [
                  "available",
                  "reserved",
                  "sold"
               ]
            }
         }
      },
      "FLAT_DELETE": {
         "type": "object",
         "properties": {
            "active": {
               "type": "string"
            },
            "flatId": {
               "type": "string"
            }
         }
      }
   }
}